{
  "effects": {
    "mood_sound": {
      "sound": "minecraft:music_disc.far",
      "tick_delay": 6000,
      "block_search_extent": 8,
      "offset": 2
    },
    "sky_color": 14474652,
    "fog_color": 15594456,
    "water_color": 4159204,
    "water_fog_color": 329011
  },
  "carvers": {
    "air": [
      "minecraft:canyon"
    ]
  },
  "starts": [],
  "features": [
    [
      "minecraft:patch_grass_forest"
    ],
    [
      "minecraft:lake_water"
    ],
    [
      "minecraft:bamboo",
      "minecraft:vines",
      "minecraft:forest_rock"
    ],
    [
      "minecraft:trees_jungle",
      "minecraft:bamboo_vegetation"
    ],
    [
      "minecraft:birch",
      "minecraft:oak",
      "minecraft:fancy_oak",
      "minecraft:oak_bees_0002",
      "minecraft:super_birch_bees_0002",
      "minecraft:birch_bees_0002",
      "minecraft:birch_bees_005",
      "minecraft:fancy_oak_bees_005"
    ],
    [
      "minecraft:patch_sunflower",
      "minecraft:flower_forest",
      "minecraft:flower_warm",
      "minecraft:forest_flower_vegetation_common",
      "minecraft:forest_flower_trees",
      "minecraft:flower_default"
    ],
    [
      "minecraft:disk_clay",
      "minecraft:disk_gravel",
      "minecraft:disk_sand",
      "minecraft:ore_dirt",
      "minecraft:ore_gravel",
      "minecraft:ore_granite",
      "minecraft:ore_diorite",
      "minecraft:ore_andesite",
      "minecraft:ore_coal",
      "minecraft:ore_iron",
      "minecraft:ore_gold"
    ],
    [],
    [
      "minecraft:patch_tall_grass_2",
      "minecraft:plain_vegetation",
      "minecraft:flower_plain_decorated",
      "minecraft:patch_grass_plain",
      "minecraft:brown_mushroom_normal",
      "minecraft:red_mushroom_normal",
      "minecraft:patch_sugar_cane",
      "minecraft:patch_pumpkin",
      "minecraft:spring_water",
      "minecraft:spring_lava"
    ],
    []
  ],
  "spawners": {
    "ambient": [
      {
        "type": "minecraft:bee",
        "minCount": 1,
        "maxCount": 1,
        "weight": 1
      }
    ],
    "creature": [
      {
        "type": "minecraft:chicken",
        "minCount": 1,
        "maxCount": 1,
        "weight": 1
      },
      {
        "type": "minecraft:cow",
        "minCount": 1,
        "maxCount": 1,
        "weight": 1
      },
      {
        "type": "minecraft:panda",
        "minCount": 1,
        "maxCount": 1,
        "weight": 1
      }
    ],
    "misc": [],
    "monster": [],
    "water_ambient": [],
    "water_creature": []
  },
  "category": "plains",
  "precipitation": "rain",
  "surface_builder": "minecraft:grass",
  "scale": 0.05,
  "downfall": 0.4,
  "depth": 0.12,
  "temperature": 0.8,
  "player_spawn_friendly": true,
  "spawn_costs": {}
}