{
  "powers": [
    "origins:phantomize",
    "genesis:nimble",
    "genesis:eldritch_talent",
    "genesis:scholar",
    "genesis:mana",
    "genesis:magicman",
    "genesis:weak",
    "genesis:filler_fireball",
    "genesis:filler_lightning",
    "genesis:filler_wither",
    "genesis:enchant_particles",
    "genesis:more_projectile_damage",
    "genesis:more_wither_damage",
    "genesis:mana_change",
    "genesis:mana_wither",
    "genesis:mana_respawn",
    "genesis:mana_regen",
    "genesis:fire_immune",
    "genesis:mana_lightning",
    "genesis:filler_regen",
    "genesis:mana_area_regen"
  ],
  "icon": "minecraft:enchanted_book",
  "order": 2,
  "impact": 3,
  "name":"§5§lArcanite",
  "description": "§a§oShow them your power."
}