{
  "powers": [
    "genesis:ironskin",
    "genesis:forceful",
    "genesis:colossus",
    "genesis:clumsy",
    "genesis:bulky",
    "genesis:steadfast",
    "genesis:bigman",
    "genesis:more_knockback",
    "genesis:heavy",
    "genesis:increased_size",
    "genesis:throw",
    "genesis:strong",
    "genesis:hungry"

  ],
  "icon": "minecraft:iron_block",
  "order": 4,
  "impact": 2,
  "name":"§6§lGolemborn",
  "description": "§a§oGolemborn are few and far. Goliaths, like unto their forefathers, they retain some of their strength but only some of their size."
}