{
	"type": "origins:action_over_time",
	"interval": 15,
	"entity_action": {
		"type": "origins:execute_command",
		"command": "resource change @s genesis:mana 4",
		"permission_level": 4
	},
	"cooldown": 25,
	"hud_render": {
		"should_render": false
	},
	"condition": {
		"type": "origins:or",
		"conditions": [
			{
				"type": "origins:block_in_radius",
				"block_condition": {
					"type": "origins:block",
					"block": "minecraft:enchanting_table"
				},
				"radius": "8",
				"comparison": ">=",
				"compare_to": "1"
			},
			{
				"type": "origins:block_in_radius",
				"block_condition": {
					"type": "origins:block",
					"block": "minecraft:bookshelf"
				},
				"radius": "8",
				"comparison": ">=",
				"compare_to": "4"
			}
		]
	},
	"hidden": true
}