{

  "type": "origins:stacking_status_effect",
  "min_stacks": 0,
  "max_stacks": 99999,
  "duration_per_stack": 10,
  "effect": {
    "effect": "minecraft:blindness",
    "duration": 25,
    "amplifier": 0,
    "show_particles": false,
    "show_icon": false
  },
  "condition": {
    "type": "origins:brightness",
    "comparison": ">",
    "compare_to": "0.8"
  },

  "name": "§4§nBorn Underground",
  "description": "§fSome light is just too bright. You gain blindness when it is too bright."
}