{
	"type": "origins:multiple",
	"strength": {
		"type": "origins:stacking_status_effect",
		"min_stacks": 1,
		"max_stacks": 2,
		"duration_per_stack": 20,
		"effect": {
			"effect": "minecraft:strength",
			"duration": 20,
			"amplifier": 0,
			"is_ambient": false,
			"show_particles": false,
			"show_icon": true
		},
		"condition": {
			"type": "origins:and",
			"conditions": [
				{
					"type": "origins:xp_levels",
					"comparison": ">=",
					"compare_to": 15
				},
				{
					"type": "origins:xp_levels",
					"comparison": "<",
					"compare_to": 60
				}
			]
		}
	},
	"fireball": {
		"type": "origins:fire_projectile",

		"entity_type": "minecraft:fireball",
		"count": "1",
		"speed": "1.5",
		"divergence": "1.0",

		"cooldown": 100,
		"hud_render": {
			"should_render": true,
			"bar_index": 7
		},

		"key": "secondary",
		"condition": {
			"type": "origins:xp_levels",
			"comparison": ">=",
			"compare_to": 20
		}
	},
	"name": "§6Fireball",
	"description": "§4LOCKED §d[Requires Level 20]"
}